regime,trades,expectancy_r,net_r
a_plus,94,-0.18400328124088855,-17.296308436643525
