score_bucket,trades,net_r,expectancy_r,win_rate
"(95.0, 100.0]",94,-17.296308436643525,-0.18400328124088855,0.2765957446808511
