{
  "total_trades": 94,
  "wins": 26,
  "losses": 66,
  "breakevens": 2,
  "win_rate_total": 0.2765957446808511,
  "net_r": -17.296308436643525,
  "expectancy_r": -0.18400328124088855,
  "average_win_r": 1.897854565442142,
  "average_loss_r": -1.009704956638473,
  "profit_factor_r": 0.7404536071452438,
  "max_drawdown_quote": 2774.6377326031725,
  "ending_equity": 8327.457811546165,
  "skipped_signals": 667
}