regime,trades,expectancy_r,net_r
a_plus,1,2.8983769255583933,2.8983769255583933
