timeframe,trades,net_r,expectancy_r,win_rate
1H,1,2.8983769255583933,2.8983769255583933,1.0
