score_bucket,events,pump_rate,avg_mfe_pct,avg_mae_pct,avg_close_return_pct,threshold
"(55.0, 60.0]",35,0.05714285714285714,3.4292926940179562,-9.037335543305353,-5.4695690083371,72.0
"(60.0, 65.0]",27,0.0,4.089301519887743,-6.5901314642761,-2.8629597584406383,72.0
"(65.0, 70.0]",20,0.0,7.046494071804278,-2.2418551538431393,3.6730511162251247,72.0
"(70.0, 75.0]",2,0.0,9.168754364555433,-1.8969815671721513,4.492283327155278,72.0
