regime,trades,expectancy_r,net_r
a_plus,2,-1.0151797592343028,-2.0303595184686056
