session,trades,net_r,expectancy_r,win_rate
asia,1,-1.014458244730183,-1.014458244730183,0.0
new_york,1,-1.0159012737384223,-1.0159012737384223,0.0
