timeframe,trades,net_r,expectancy_r,win_rate
4h,2,-2.0303595184686056,-1.0151797592343028,0.0
