{
  "total_trades": 1,
  "wins": 1,
  "losses": 0,
  "breakevens": 0,
  "win_rate_total": 1.0,
  "net_r": 2.8983769255583933,
  "expectancy_r": 2.8983769255583933,
  "average_win_r": 2.8983769255583933,
  "average_loss_r": 0.0,
  "profit_factor_r": null,
  "max_drawdown_quote": 0.0,
  "ending_equity": 10289.837692555839,
  "skipped_signals": 0
}