path,trades,expectancy_r,net_r
tp1_tp2_no_runner,1,2.8983769255583933,2.8983769255583933
