reason,pieces,fraction_closed,net_piece_r
end_of_data,1,0.30000000000000004,1.0704348645365436
tp1,1,0.4,0.7884397132333116
tp2,1,0.3,1.0395023477885381
