score_bucket,trades,net_r,expectancy_r,win_rate
"(95.0, 100.0]",1,2.8983769255583933,2.8983769255583933,1.0
