scenario,total_trades,wins,losses,breakevens,win_rate_total,net_r,expectancy_r,average_win_r,average_loss_r,profit_factor_r,max_drawdown_quote,ending_equity,skipped_signals
baseline,2,0,2,0,0.0,-2.0303595184686056,-1.0151797592343028,0.0,-1.0151797592343028,0.0,101.44582447301764,9796.96404815314,1
high_fee,2,0,2,0,0.0,-2.0303595184686056,-1.0151797592343028,0.0,-1.0151797592343028,0.0,101.44582447301764,9796.96404815314,1
high_slippage,2,0,2,0,0.0,-2.0303595184686056,-1.0151797592343028,0.0,-1.0151797592343028,0.0,101.44582447301764,9796.96404815314,1
fee_plus_slippage,2,0,2,0,0.0,-2.0303595184686056,-1.0151797592343028,0.0,-1.0151797592343028,0.0,101.44582447301764,9796.96404815314,1
