regime,events,pump_rate,avg_mfe_pct,avg_mae_pct
no_volume_dryup,16,0.125,5.1841951475029235,-3.973172896620799
trend_coil_volume_dryup,14,0.0,5.821337716973588,-5.584963300100447
weak_trend_context,33,0.0,4.557554233958269,-7.618869051008607
mixed_coil,21,0.0,3.5646969225949565,-7.128020406272666
