score_bucket,events,pump_rate,avg_mfe_pct,avg_mae_pct,avg_close_return_pct,threshold
"(60.0, 65.0]",2,1.0,24.443350770084095,-0.7905700000000071,21.764531086187944,60.0
"(65.0, 70.0]",1,1.0,24.443350770084106,-0.7905700000000127,21.764531086187965,60.0
"(75.0, 80.0]",1,1.0,24.443350770084106,-0.7905700000000127,21.764531086187965,60.0
"(80.0, 85.0]",2,1.0,24.443350770084116,-0.7905700000000015,21.764531086187965,60.0
"(85.0, 90.0]",21,0.23809523809523808,4.472815648305939,-0.5267661970309272,3.2377239605387547,60.0
"(90.0, 100.0]",9,1.0,19.396946620715408,-0.5919194776266876,16.826757945905484,60.0
