scenario,total_trades,wins,losses,breakevens,win_rate_total,net_r,expectancy_r,average_win_r,average_loss_r,profit_factor_r,max_drawdown_quote,ending_equity,skipped_signals
baseline,1,1,0,0,1.0,2.8983769255583933,2.8983769255583933,2.8983769255583933,0.0,,0.0,10289.837692555839,0
high_fee,1,1,0,0,1.0,2.8758459571728046,2.8758459571728046,2.8758459571728046,0.0,,0.0,10287.58459571728,0
high_slippage,1,1,0,0,1.0,2.846275252450185,2.846275252450185,2.846275252450185,0.0,,0.0,10284.627525245018,0
fee_plus_slippage,1,1,0,0,1.0,2.823977000758708,2.823977000758708,2.823977000758708,0.0,,0.0,10282.397700075871,0
